Original Name,Normalized Name
Kevin Parks,"{'Kevin V Parks', 'Kevin Parks'}"
Tyler Rogers,{'Tyler Rogers'}
Todd Martinez,{'Todd Martinez'}
Eric Wilson,"{'Eric Wilson', 'Eric R Wilson'}"
Kirk Baker,{'Kirk Baker'}
James Martinez,"{'James Gregory Martinez', 'James Martinez Jr'}"
Daniel Parks,"{'Daniel Holland Parks', 'Daniel A Holland Parks'}"
Paul Taylor,{'Paul Taylor'}
Jeffrey Anderson,"{'Jeffrey Anderson', 'Jeffrey L Anderson'}"
Brittany Smith,"{'Brittany Smith', 'Brittany L Smith'}"
Bonnie Parks,{'Bonnie Parks'}
Lisa Norris,{'Lisa Norris'}
Hunter Lee,{'Hunter Lee'}
Alexis Baker,"{'Alexis Baker Jr', 'Alexis Holmes Baker'}"
William Smith,{'William Smith'}
Erika Hull,{'Erika Hull'}
Chelsea Butler,{'Chelsea Butler'}
Patty Jackson,"{'Patty Jackson', 'Patty S Jackson'}"
Mark Blevins,{'Mark Blevins'}
Cesar Sanders,"{'Cesar A White Sanders', 'Cesar White Sanders'}"
James Scott,"{'James F Scott', 'James Scott'}"
Alexis Huang,{'Alexis Huang'}
Michelle Baker,{'Michelle Baker'}
Stephanie Wright,"{'Stephanie D Wright', 'Stephanie Wright'}"
Shelly Johnston,{'Shelly Johnston'}
Diana Foster,{'Diana Foster'}
Christopher Peterson,{'Christopher Peterson'}
Stephen Moore,{'Stephen Moore'}
Jennifer Jackson,{'Jennifer Jackson'}
Jeremy Long,{'Jeremy Long'}
Cody Ho,{'Cody Ho'}
Cassandra Farmer,{'Cassandra Farmer'}
Hailey Holloway,{'Hailey Holloway'}
Janet Cooper,{'Janet Cooper'}
Jacqueline Flores,"{'Jacqueline Flores', 'Jacqueline Margaret Flores'}"
Monique Gibson,{'Monique Gibson'}
Todd Scott,{'Todd Scott'}
Joseph Hanson,{'Joseph Hanson'}
Monica Page,{'Monica Page'}
David Lambert,"{'David T Lambert', 'David Lambert'}"
Mark Jacobs,{'Mark Jacobs'}
Zachary Tucker,"{'Zachary Tucker', 'Zachary Laura Tucker'}"
Marvin Carpenter,{'Marvin Carpenter'}
Elizabeth Roth,{'Elizabeth Roth'}
Chris Bell,{'Chris Bell'}
Laurie Lee,{'Laurie Lee'}
Lisa Lee,"{'Lisa Mitchell Lee', 'Lisa Lee'}"
Javier Meyers,{'Javier Meyers'}
Evan Barry,{'Evan Barry'}
Rachel Alexander,"{'Rachel Y Alexander', 'Rachel Alexander'}"
Mary Nunez,{'Mary Nunez'}
Alexis Anderson,{'Alexis Anderson'}
Sabrina Fowler,{'Sabrina Fowler'}
Robert Morris,"{'Robert Morris', 'Robert Sheri Morris'}"
Thomas Smith,"{'Thomas Smith', 'Thomas Alexis Smith'}"
Jeffrey Health Pierce Inc,{'Jeffrey Health Pierce Inc'}
Kelly Allen,{'Kelly Allen'}
Brian York,{'Brian York'}
Dillon Parker,"{'Dillon Reese Parker', 'Dillon Parker'}"
James Snow,{'James Snow'}
Hunter Mora,{'Hunter Mora'}
Cassandra Palmer,{'Cassandra Palmer'}
David Crawford,"{'David M Crawford', 'David Crawford'}"
Troy Ray,{'Troy Ray'}
Austin Davis,{'Austin Davis'}
Laura York,{'Laura York'}
Ashley Golden,{'Ashley Golden'}
Diana Weber,{'Diana Weber'}
Kathy Jones,{'Kathy Jones'}
Samuel Ochoa,"{'Samuel Ochoa', 'Samuel K Ochoa'}"
Courtney LI,{'Courtney LI'}
Eric Johnston,"{'Eric M Johnston', 'Eric Johnston'}"
Steven Palmer,{'Steven Palmer'}
Thomas Reyes,{'Thomas Reyes'}
Jennifer White,{'Jennifer White'}
Patrick Evans,"{'Patrick DE LA Evans', 'Patrick De La Evans'}"
Candace Peterson,{'Candace Anderson Jeremy So Peterson'}
Kathleen Jones,{'Kathleen Jones'}
Steven Ward,{'Steven Ward'}
Kevin Shea,{'Kevin Shea'}
Diana Hayes,{'Diana Hayes'}
Amber Greene,{'Amber Greene'}
Justin Barber,{'Justin Barber'}
Dylan Ward,"{'Dylan J Ward', 'Dylan Ward'}"
Nicole Mcclure,{'Nicole Mcclure'}
Ronald Roberts,"{'Ronald Roberts', 'Ronald F Roberts'}"
Brian Holmes,{'Brian Holmes'}
David Perkins,{'David Perkins'}
Bailey York,"{'Bailey Brian Barrett York', 'Bailey York'}"
Donna Hanson,{'Donna Hanson'}
Charlene Howard,{'Charlene Howard'}
Charles Johnson,"{'Charles Megan Johnson', 'Charles Johnson'}"
Michael Wilson,{'Michael Wilson'}
Benjamin Hensley,{'Benjamin Hensley'}
Stacey Monroe,{'Stacey Monroe'}
Elizabeth Smith,{'Elizabeth Wallace Smith'}
Samantha Scott,"{'Samantha Scott', 'Samantha M Scott'}"
Sierra Ward,"{'Sierra Shelly Ward', 'Sierra Ward'}"
Courtney Clark,{'Courtney Clark'}
Anthony Reid,{'Anthony Reid'}
Charlene Ryan,{'Charlene Ryan'}
Carol Barnes,"{'Carol M Barnes', 'Carol Barnes'}"
Megan Jones,{'Megan Jones'}
Paul Davis,{'Paul Davis'}
Travis Fisher,"{'Travis A Fisher', 'Travis Fisher'}"
David Wu,{'David Wu'}
Stephen Bailey,"{'Stephen M Bailey', 'Stephen Bailey'}"
Mary Wright,"{'Mary Wright', 'Mary A Wright'}"
Jose Smith,{'Jose Ward Smith'}
Gabriel Snow,{'Gabriel Snow'}
Victor Ramos,{'Victor Ramos'}
Scott Ward,"{'Scott Kayla Ward', 'Scott A Ward', 'Scott Ward'}"
Cynthia Palmer,{'Cynthia Palmer'}
Brian Palmer,{'Brian Palmer'}
Joseph Torres,"{'Joseph Torres', 'Joseph Bradley Torres'}"
Holly Sims,"{'Holly William Sims', 'Holly Sims'}"
Michele Smith,{'Michele Smith Jr'}
Raymond Chambers,{'Raymond Chambers'}
Todd Kidd,{'Todd Kidd'}
Holloway Fischer,{'Holloway Fischer'}
Lee Rodriguez,"{'Lee H Rodriguez', 'Lee Rodriguez'}"
QI Ramirez,{'QI Ramirez'}
Francisco Mullins,{'Francisco Mullins'}
Justin Gardner,{'Justin Gardner'}
Pamela Friedman,{'Pamela Friedman'}
Austin Santos,"{'Austin Santos Jr', 'Austin Santos'}"
Christopher Palmer,{'Christopher Bell Palmer'}
Richard Mcclure,{'Richard Mcclure'}
Sara Coleman,"{'Sara George Coleman', 'Sara Coleman'}"
Ethan Robbins,{'Ethan Robbins'}
Mike Maldonado,{'Mike Maldonado'}
Jacqueline Torres,{'Jacqueline Torres'}
Tony Nguyen,{'Tony Nguyen'}
Tracy Leonard,{'Tracy Leonard'}
Kevin Nelson,"{'Kevin Nelson', 'Kevin Nelson Jr'}"
Crystal Lopez,{'Crystal Lopez'}
Amber Blankenship,{'Amber Blankenship'}
Sherry Page,{'Sherry Page'}
Eugene TU,{'Eugene TU'}
Delta Care Corporation,"{'Delta Care', 'Delta CARE CORPORATION', 'Delta Care Corporation'}"
Jeremiah Hartman,{'Jeremiah Hartman'}
Thomas Howard,"{'Thomas David Howard', 'Thomas Howard'}"
David Murphy INSURANCE AGENCY CORP,{'David Murphy INSURANCE AGENCY CORP'}
Courtney Rivera,{'Courtney Rivera'}
Nicholas Hooper,"{'Nicholas M Hooper', 'Nicholas Hooper'}"
Chelsea Butler Good Leach Senior Services Corp,{'Chelsea Butler Good Leach Senior Services Corp'}
Jerry Mcclure,{'Jerry Mcclure'}
"Alexis Freeman Anderson DBA Nguyen, Shelton and Odonnell","{'Alexis Freeman Anderson DBA Nguyen, Shelton and Odonnell'}"
Andrew Hill,{'Andrew Hill'}
Aaron Hull,{'Aaron Hull'}
Tracy g Perez DBA Miller PLC,{'Tracy g Perez DBA Miller PLC'}
Campbell Washington,{'Campbell H Washington'}
Megan Ramos,{'Megan Ramos'}
"Stacey Monroe DBA Dawson, Burns and Kelly","{'Stacey Monroe DBA Dawson, Burns and Kelly'}"
"Shelly Johnston DBA Mcgrath, Fernandez and Cohen","{'Shelly Johnston DBA Mcgrath, Fernandez and Cohen'}"
Rebecca Crawford,{'Rebecca Crawford'}
Monica M Page Gilbert Ramirez May LLC,{'Monica M Page Gilbert Ramirez May LLC'}
Colleen Butler,{'Colleen Michelle Butler'}
Corey Martinez,{'Corey Martinez'}
Paul Hooper,{'Paul Hooper'}
Jonathan Rios,{'Jonathan Rios'}
Cynthia Patel,{'Cynthia Smith Contreras Patel'}
Nicole Jonathan Mcclure DBA Ruiz-Huff,{'Nicole Jonathan Mcclure DBA Ruiz-Huff'}
Anna Evans,{'Anna Evans'}
Todd Butler,{'Todd Butler'}
Diana Hayes Wilson Consulting Cherry Flowers Inc,{'Diana Hayes Wilson Consulting Cherry Flowers Inc'}
Juan Roth,{'Juan Alexis Roth'}
Lee Lee,{'Lee Lee'}
Margaret Nelson,{'Margaret Fh Nelson'}
Steven Carpenter,{'Steven Gregory Carpenter'}
Kirk Baker DBA Carter-Thomas,{'Kirk Baker DBA Carter-Thomas'}
"James Snow DBA Morales, Frazier and Nicholson","{'James Snow DBA Morales, Frazier and Nicholson'}"
Chris Kim,{'Chris Kim'}
Jeffrey Long,{'Jeffrey Long'}
Joseph Moore,{'Joseph M Moore'}
Sean Yang,{'Sean Yang'}
Melissa Hood,{'Melissa M Hood'}
Samantha Green,{'Samantha Green'}
Harris Li,{'Harris Paul Li'}
Hunter Mora DBA Burns LLC,{'Hunter Mora DBA Burns LLC'}
Troy Stewart,{'Troy Stewart'}
Margaret Perry,{'Margaret Perry'}
Christy Watson,{'Christy K Watson'}
Juan Hartman,{'Juan Jonathan Alvarado Hartman'}
Michael Friedman,{'Michael Ward Friedman'}
Jonathan Hartman,{'Jonathan Hartman'}
Patricia Friedman,{'Patricia Friedman'}
Joseph Fisher,{'Joseph Fisher'}
Tammy Brady,{'Tammy Moore Brady'}
James Campbell,{'James A Campbell'}
Tyler Cohen,{'Tyler Cohen'}
Tammy Roth,{'Tammy Roth'}
Paul Knox,{'Paul Knox'}
Brittany Wells,{'Brittany Wells'}
Campbell Richards,{'Campbell Richards'}
Amber Ruiz,{'Amber Ruiz'}
Tammy Anderson,{'Tammy C Anderson'}
Eugene Tu,{'Eugene Tu'}
Victoria Martinez,{'Victoria M Martinez'}
Terri  Ray,{'Terri  Ray'}
Jennifer Moore,{'Jennifer Moore'}
James Mitchell,{'James Mitchell'}
Michael Smith,{'Michael Luna Smith'}
Shawn Fisher,{'Shawn Fisher'}
Monique White,{'Monique White'}
Audrey Morris,{'Audrey M Morris'}
Barbara Santos,{'Barbara Santos'}
Jacqueline Perkins,{'Jacqueline J Perkins'}
"Miranda Palmer DBA Foster, Moreno and Rhodes","{'Miranda Palmer DBA Foster, Moreno and Rhodes'}"
Monique Guerra,{'Monique White Guerra'}
Sherry k Page DBA Bruce-Clark,{'Sherry k Page DBA Bruce-Clark'}
Qi Ramirez,{'Qi Ramirez'}
Sonya Nicole,{'Sonya B Nicole'}
Christine Lewis,{'Christine Dudley Lewis'}
Janet Brooks,{'Janet Brooks'}
Brian Morgan,{'Brian Morgan'}
Jacqueline Howard,{'Jacqueline M Howard'}
Brandy Hannah,{'Brandy Hannah'}
Brittany Snow,{'Brittany Snow'}
Sharon White,{'Sharon White'}
Courtney Li,{'Courtney Li'}
Vincent Lozano,{'Vincent Murray Lozano'}
Bruce Ho,{'Bruce Lee Ho'}
Ryan  Browning,{'Ryan  Browning'}
Eugene Douglas,{'Eugene Douglas'}
Sherry Morris,{'Sherry Morris'}
Elizabeth Fisher,{'Elizabeth Fisher'}
Kristin Ma,{'Kristin Ma'}
Dylan Hill,{'Dylan Hill'}
Debra Walters,{'Debra Walters'}
Jonathan Smith,{'Jonathan Smith'}
William Schultz,{'William Schultz'}
Cassandra Tate,{'Cassandra D Tate'}
Hailey Friedman,{'Hailey M Friedman'}
Alexis Holloway,{'Alexis Holloway'}
Alexander Snow,{'Alexander Snow'}
Theresa Romero,{'Theresa Romero'}
Joseph Jones,{'Joseph M Jones'}
Carolyn Nelson,{'Carolyn Nelson'}
Michelle Li,{'Michelle Li'}
Sherry Hess,{'Sherry Hess'}
Megan Davis,{'Megan Davis'}
Jessica Kramer,{'Jessica K Kramer'}
Anna Jennifer,{'Anna Kimberly Jennifer'}
Kelsey Pierce,{'Kelsey Pierce'}
Kyle Roth,{'Kyle Roth'}
Xu Smith,{'Xu Smith'}
Dennis Snow,{'Dennis Bell Snow'}
Denise Morris,{'Denise Morris'}
Karen Smith,{'Karen Anthony Smith'}
Ryan Powell,{'Ryan Patton Powell'}
John Acosta,{'John D Acosta'}
Aaron Parks,{'Aaron Joseph Parks'}
Edward Zamora,{'Edward Zamora'}
Mark Valdez DBA Wilson LLC,{'Mark Valdez DBA Wilson LLC'}
Alexis Rios,{'Alexis Rios'}
Deborah Pierce,{'Deborah Pierce'}
Vanessa Duncan,{'Vanessa Duncan'}
Nelson Miranda,{'Nelson Miranda'}
Christopher Li,{'Christopher Anderson Li'}
